Facility,Permittee Name,Address,City,State,Zip,County,Latitude,Longitude,Permit,Effective Date,Expiration Date,SIC Code,SIC Description,Sensitive Waters
Sandpiper Rentals,RDR Development,West End of Sandpiper RD,Thackerville,OK,73459,Love,33.7819139,-97.1636389,OKR1037858,,,,,N
Coley Road Land,Jay McAdams,7233 Coley Rd,Kingston,OK,73439,Marshall,33.94132,-96.65887,OKR1037696,,,1542,Nonresidential Construction,N
Project 10828-1 Durant Wastewater Collection System Improvements,Lone Hickory Cattle LLC,"From S 9th Ave .2 mi SW of Byp 70, S to.5 mi NE of S 9th Ave",Durant,OK,74701,Bryan,33.9610473,-96.4001494,OKR1036753,,,1542,Nonresidential Construction,N
Project 10828-1 Durant Wastewater Collection System Improvements,Lone Hickory Cattle LLC,"From S 9th Ave .2 mi SW of Byp 70, S to.5 mi NE of S 9th Ave",Durant,OK,74701,Bryan,33.9610473,-96.4001494,OKR1036753,,,1623,"Water, Sewer, And Utility Lines",N
Valliant New Telecom Tower,AEP Public Service Company of Oklahoma,No Physical Address,Valliant,OK,74764,McCurtain,33.989894,-95.052078,OKR1036249,,,1542,Nonresidential Construction,N
US Hwy. 70 Roosevelt Bridge Replacement Project,Zachry Construction Corp,US 70 Over Lake Texoma Roosevelt Bridge,Mead,OK,73449,Bryan,34.0020469,-96.6148291,OKR1037952,,,,,N
Stewart Stone - Rattan Quarry,Stewart Stone Inc,No address provided,Rattan,OK,74562,Pushmataha,34.207645,-95.395875,OKR1036788,,,1542,Nonresidential Construction,N
Capital Street Improvements 7th Street and Rennie,MTZ Construction Inc,7th Street and Rennie,Tishomingo,OK,74821,Johnston,34.24,-96.6794444,OKR1037308,,,1611,Highway And Street Construction,N
Mill Creek Limestone - Rail Loop Expansion,Martin Marietta,11662 W TXI Mill Creek Rd,Mill Creek,OK,74856,Johnston,34.353779,-96.83615,OKR1038154,,,1422,Crushed And Broken Limestone,N
Mill Creek - North Plant South Expansion,U.S. Silica Company,Highway 7 North,Mill Creek,OK,74856,Johnston,34.46288,-96.85449,OKR1038145,,,1542,Nonresidential Construction,N
Highway 7 Project- Borrow Pit,Woods Dirt Contractors,Collins Moss Rd and Highway 7,Sulphur,OK,73086,Murray,34.509,-96.9133,OKR1037964,,,,,N
OWS Install and Piping Retirement Project,Public Service Company of Oklahoma,6601 SE 60th Street,Lawton,OK,73501,Comanche,34.5454346,-98.3244508,OKR1038150,,,1542,Nonresidential Construction,N
Giga Energy - Foundation,CP3 Enterprises,South frontage of SH-76,Foster,OK,73434,Garvin,34.58734,-97.50769,OKR1038191,,,1542,Nonresidential Construction,N
LES to Terry Road Station T-line Rebuild,Oklahoma Trans Co,SE 60th St and E Gore Blvd to SW Corner of Lake Rd and,Lawton,OK,73501,Comanche,34.6035829,-98.3153682,OKR1037949,,,1623,"Water, Sewer, And Utility Lines",N
NW Erwin Ln Townhomes,CAPE GROUP LLC,.2 miles West of NW Sheridan Rd and  .2 miles S,Lawton,OK,73505,Comanche,34.620875,-98.4255111,OKR1035889,,,1542,Nonresidential Construction,N
Layne's Chicken Fingers,SC Architecture,1312 NW Sheridan Rd,Lawton,OK,73505,Comanche,34.6219335,-98.4227015,OKR1038190,,,,,N
Snyder WTP System Improvements,"Downey Contracting, LLC",Highway 62 Business Loop,Snyder,OK,73566,Kiowa,34.6526556,-98.9860722,OKR1038189,,,1542,Nonresidential Construction,N
Marlow to Marlow,Western Farmers Electric Cooperative,"East end at substation at 34.682005, -98.037383",Marlow,OK,73055,Comanche,34.682016,-98.0373783,OKR1038168,,,1542,Nonresidential Construction,N
Pauls Valley Borrow Site,Pauls Valley Municipal Authority,1 mi north of E CR 1600 .3 mi east of Hwy-77,Pauls Valley,OK,73075,Garvin,34.71031,-97.20908,OKR1037585,,,1542,Nonresidential Construction,N
Chickasaw Chuka - Lokoli Community Building and Tiny Homes,Ascend Commercial Builders,Cradduck Rd,Ada,OK,74820,Pontotoc,34.727776,-96.656528,OKR1037542,,,1521,Single-Family Housing Construction,N
Medical Campus Access Roads,MTZ Construction Inc,BIA Route 24J4 and 2442 South of Stonecipher Blvd,Ada,OK,74820,Pontotoc,34.7333333,-96.6494444,OKR1037309,,,1611,Highway And Street Construction,N
Walters Job,Kory Moss,17 Colonial Cir,Mcalester,OK,74501,Pittsburg,34.9126882,-95.7395758,OKR1037818,,,,,N
Chickasha Airport Industrial Park - Phase I,Chickasha Industrial Development Company,Near Airport Road and Highway 81,Chickasha,OK,73018,Grady,35.091434,-97.9743026,OKR1037832,,,,,N
Cleveland to Anadarko,Western Farmers Electric Cooperative,North end is at the substation at 35.167483 -98.108477,Anadarko,OK,73005,Caddo,35.1675739,-98.108462,OKR1038165,,,1542,Nonresidential Construction,N
1224 Clover Circle,SKH Capital LLC,1224 Clover Circle,Blanchard,OK,73010,McClain,35.172866,-97.644571,OKR1037332,,,,,N
Brentwood Section 2,STK Development LLC,2347 Brentwood Blvd.,Goldsby,OK,73093,McClain,35.1736578,-97.5146753,OKR1036316,,,,,N
Carlton Landing Phase 7B,Kingfisher Holdings LLC,.3 miles N of Lower Green Way .7 miles E of Carlton Landing,Carlton Landing,OK,74432,Pittsburg,35.2106,-95.5441,OKR1032213,,,1522,Residential Construction,N
Carlton Landing Phase VII,Kingfisher Holdings LLC,.3 miles N of Lower Green Way .7 miles E of Carlton Landing,Carlton Landing,OK,74432,Pittsburg,35.2106,-95.5441,OKR1032213,,,1522,Residential Construction,N
Wolf Creek Estates Phase II,Scott Brothers Development LLC,Hwy 37 and Hwy 76 S to SW 24th W 1.5 miles N .25 miles,Blanchard,OK,73010,Grady,35.2251484,-97.6799328,OKR1037339,,,,,N
Bear Creek,F&F Footings & Foundations Inc,Go 2 m west of H76 on SW 16th go south 1/4 m,Blanchard,OK,73010,Grady,35.2297792,-97.6873938,OKR1037551,,,,,N
Allsups 102515,Creedmore Construction,23952 Highway 271,Spiro,OK,74959,LeFlore,35.2387,-94.6727,OKR1038180,,,1542,Nonresidential Construction,N
Water System Improvements - Elevated Water Storage Tank,Landmark Structures LP,N of Birch Ln .3 miles W of N Hwy 3,Seminole,OK,74868,Seminole,35.250114,-96.709612,OKR1037719,,,1542,Nonresidential Construction,N
RVC Norman,AC Owen Construction,3000 Healthplex Dr,Norman,OK,73072,Cleveland,35.2550625,-97.486359,OKR1038007,,,1542,Nonresidential Construction,N
Villa Cardenas Subdivision,Casa Cardenas & Associates Inc,Pryor Avenue,Pocola,OK,74902,LeFlore,35.2598596,-94.4808623,OKR1037355,,,,,N
Tri-City Sewermain,"4M Trenching, LLC",Start: 2033 N. Main St. / End: 3009 Bypass Rd,Newcastle,OK,73065,McClain,35.26786,-97.59972,OKR1038179,,,1623,"Water, Sewer, And Utility Lines",N
Carrington Place Addition Section 15,Carrington Place LLC,.9 miles W of 36th Ave NW and .07 miles S of W Franklin Rd,Norman,OK,73072,Cleveland,35.2752778,-97.5094444,OKR1035909,,,1521,Single-Family Housing Construction,N
Rivers Edge Countertops,Jeremiah Rivers,3523 NW 32nd Street,Newcastle,OK,73065,McClain,35.292062,-97.660776,OKR1037989,,,1542,Nonresidential Construction,N
EWC-28603A Toby Kieth Expressway,"Sherwood Construction Co., Inc.",North Side of Indian Hills Rd from Penn Ave to Santa Fe Ave,Oklahoma City,OK,73170,Cleveland,35.292069,-97.5300061,OKR1038169,,,1611,Highway And Street Construction,Y
Hollow Brook Square,D.R. Horton - Texas Ltd.,NE of E Hwy 37 and Hollow Brook Square Dr Intersection,Tuttle,OK,73089,Grady,35.293417,-97.714628,OKR1038167,,,,,N
Hills at Timber Creek Phase 2,"Mongold Properties, LLC",SE 34th St and Sooner Road - 4900 SE 34th St.,Moore,OK,73165,Cleveland,35.3039028,-97.4171111,OKR1038141,,,1522,Residential Construction,N
ASC Boardroom,OMNI Construction LLC,1500 SE 4th Street,Moore,OK,73160,Cleveland,35.3335908,-97.4662024,OKR1038184,,,,,N
Eastern Industrial - Phase II,Modern Element Building Company,9205 S Eastern Ave,Oklahoma City,OK,73103,Oklahoma,35.3745528,-97.4772139,OKR1037260,,,1542,Nonresidential Construction,N
Pratt & Whitney Oklahoma City Sustainment Center P&W OCSC,GreenShade Trees LLC,8200 S Air Depot Blvd,Oklahoma City,OK,73135,Oklahoma,35.3857866,-97.3986379,OKR1036996,,,1541,Industrial Buildings And Warehouses,N
Pratt & Whitney Oklahoma City Sustainment Center P&W OCSC,GreenShade Trees LLC,8200 S Air Depot Blvd,Oklahoma City,OK,73135,Oklahoma,35.3857866,-97.3986379,OKR1036996,,,1542,Nonresidential Construction,N
HAPCO,Van Hoose Construction,.35mi west of S Bryant Ave and .25mi south of I-240 Service,Oklahoma City,OK,73135,Oklahoma,35.3874,-97.4654,OKR1038130,,,3441,Fabricated Structural Metal,N
Pottawatomie Co RWD No 3 - 12 in Raw Water Line to Dale WTP,M&T Septic & Backhoe Service Inc,831 Grand Casino Blvd,Shawnee,OK,74801,Pottawatomie,35.387594,-97.05445,OKR1037301,,,,,N
Sooner Gateway,North Star Properties & Investments LLC,SE Corner I-240 and Sooner Rd,Oklahoma City,OK,73135,Oklahoma,35.3888722,-97.4210833,OKR1038146,,,1542,Nonresidential Construction,N
Future Site 5 - Basinger,Future Inc,6922 Crosslin Road,Shawnee,OK,74804,Pottawatomie,35.400129,-96.8242765,OKR1037538,,,,,N
The Way Church - Elk City,Churches by Daniels,Approx .25 mile East of N Randall Ave & W Country Club Blvd,Elk City,OK,73644,Beckham,35.4232222,-99.4144167,OKR1036289,,,1542,Nonresidential Construction,N
"CNSLD/DEMO - DEMOLISH, B5922, TINKER AFB",Ben Styron,5922 34th St,Oklahoma City,OK,73145,Oklahoma,35.4300699,-97.4204428,OKR1037826,,,,,N
The Enclave at Creekside Village Phase 1,LGI Homes - Oklahoma LLC,S of SW 29th St .1 miles E of S Czech Hall Rd,Oklahoma City,OK,73099,Canadian,35.4346389,-97.738075,OKR1035699,,,1521,Single-Family Housing Construction,N
The Enclave at Creekside Village Phase 1,LGI Homes - Oklahoma LLC,S of SW 29th St .1 miles E of S Czech Hall Rd,Oklahoma City,OK,73099,Canadian,35.4346389,-97.738075,OKR1035699,,,1522,Residential Construction,N
The Enclave at Creekside Village Phase 1,LGI Homes - Oklahoma LLC,S of SW 29th St .1 miles E of S Czech Hall Rd,Oklahoma City,OK,73099,Canadian,35.4346389,-97.738075,OKR1035699,,,1542,Nonresidential Construction,N
The Enclave at Creekside Village Phase 1,LGI Homes - Oklahoma LLC,S of SW 29th St .2 miles E of S Czech Hall Rd,Oklahoma City,OK,73099,Canadian,35.4346389,-97.738075,OKR1035699,,,1522,Residential Construction,N
Eagle Landings,Oklahoma City Leased Housing Associates II,8512 SW 29th St,Oklahoma City,OK,73179,Oklahoma,35.4352,-97.663,OKR1036674,,,1521,Single-Family Housing Construction,N
Diamond Express Auto Wash,William Farr,2809 S Mustang Rd,Mustang,OK,73099,Canadian,35.4371,-97.72511,OKR1038009,,,1542,Nonresidential Construction,N
Dentistry by Design,"Clark Construction, Inc.",2500 S. Douglas Blvd.,Midwest City,OK,73110,Oklahoma,35.4402,-97.3697,OKR1038157,,,8021,Offices And Clinics Of Dentists,N
Oak Haven Phase 4,Ron Walters Homes LLC,2101 Westbury Dr.,Oklahoma City,OK,73099,Canadian,35.4425613,-97.6947317,OKR1038074,,,,,N
Frontier Substation and Power Plant,Evolve Energy LLC,2300 South Council Rd,Oklahoma City,OK,73128,Oklahoma,35.4442885,-97.6470569,OKR1037661,,,1541,Industrial Buildings And Warehouses,N
The Reserve at Mustang Creek - Lennar Homes,Lennar Homes of Oklahoma LLC,.3 mi south of SW 15th St .5 mi west of S Sara Rd,Oklahoma City,OK,73099,Canadian,35.444555,-97.716505,OKR1037726,,,1521,Single-Family Housing Construction,N
Silver Springs Phase 2,"OKC L DEV., LLC","A part of the W/2, Section 7, T11N, R4w, I.M.",Oklahoma City,OK,73128,Oklahoma,35.448153,-97.667367,OKR1038181,,,1522,Residential Construction,N
Fox Point Apartments,NE Construction,11801 SE 15th Street,Choctaw,OK,73020,Oklahoma,35.4503,-97.321869,OKR1035387,,,1521,Single-Family Housing Construction,N
Riversport Improvements,City of Oklahoma City,800 Riversport Drive,Oklahoma City,OK,73129,Oklahoma,35.459745,-97.497011,OKR1037993,,,1542,Nonresidential Construction,N
FleetPride - 9300 W Reno Ave,Pace Contracting,9300 W Reno Ave,Oklahoma City,OK,73127,Canadian,35.4642,-97.6784,OKR1037025,,,1542,Nonresidential Construction,N
The Boardwalk at Bricktown,Matteson Capital LLC,SWC of Reno Avenue and Oklahoma Avenue,Oklahoma City,OK,73129,Oklahoma,35.4642,-97.5108,OKR1035769,,,1542,Nonresidential Construction,N
Newey Ranch,Vaquero Resources,N of E Reno Ave and 1300 ft west of N Westminster Rd,Midwest City,OK,73110,Oklahoma,35.4665556,-97.3427417,OKR1036817,,,1542,Nonresidential Construction,N
GRA Services PH 2,TCS Construction Company LLC,5540 NE 2nd Street,OKC,OK,73117,Oklahoma,35.4667135,-97.4245572,OKR1036584,,,,,N
Nextnova Solar Facility Phase 1,Nextnova Solar Limited,100 N Mustang Rd,Yukon,OK,73099,Canadian,35.4697632,-97.7216262,OKR1038121,,,,,N
GET GO Convenience Store,"Siddhi, LLC",2700 NE 10th Street,Oklahoma City,OK,73117,Oklahoma,35.478004,-95.463702,OKR1038153,,,1542,Nonresidential Construction,N
The Eddie,The Eddie Building LLC,1111 Classen Drive,Oklahoma City,OK,73103,Oklahoma,35.479,-97.5297,OKR1037146,,,1521,Single-Family Housing Construction,N
7-Eleven Store - 47414,Scott Stoll,1125 North Council Rd,Oklahoma City,OK,73127,Oklahoma,35.479393,-97.654477,OKR1037723,,,1542,Nonresidential Construction,N
NW 10th and Sara Rd Storage,RTTW LLC,North of NW 10th St and West of N Sara Rd,Oklahoma City,OK,73127,Canadian,35.4795056,-97.7083972,OKR1037672,,,1542,Nonresidential Construction,N
Oklahoma Childrens Presbyterian Health Foundation Pediatric Heart Center,Willowbrook Construction Services,931 Stanton L. Young Blvd.,Oklahoma City,OK,73104,Oklahoma,35.4810556,-97.4964444,OKR1038187,,,1542,Nonresidential Construction,N
Alley North,Grant Willoughby,N Broadway Avenue and NW 14th Street,Oklahoma City,OK,73116,Oklahoma,35.4858333,-97.5133333,OKR1036668,,,1542,Nonresidential Construction,N
Cedarwood Addition - Abide Homes,Abide Homes,E of N Dobbs Rd .1 miles S of NE 23rd St,Harrah,OK,73045,Oklahoma,35.49177,-97.17647,OKR1036599,,,1521,Single-Family Housing Construction,N
Cedarwood Addition - Abide Homes,Abide Homes,E of N Dobbs Rd .1 miles S of NE 23rd St,Harrah,OK,73045,Oklahoma,35.49177,-97.17647,OKR1036599,,,1522,Residential Construction,N
Cedarwood Harrah Lots 1 6 7 11 12 17 18  and 19,Abide Homes,1219 Cedar Circle,Harrah,OK,73045,Oklahoma,35.49177,-97.17647,OKR1036599,,,1521,Single-Family Housing Construction,N
Cedarwood Harrah Lots 1 6 7 11 12 17 18  and 19,Abide Homes,1219 Cedar Circle,Harrah,OK,73045,Oklahoma,35.49177,-97.17647,OKR1036599,,,1522,Residential Construction,N
The Reserve - Phase 1 Phase 2 Phase 3,Highland Building Company LLC,2700 N Hiwassee Rd,Choctaw,OK,73020,Oklahoma,35.4986111,-97.2975,OKR1036448,,,1521,Single-Family Housing Construction,N
Warner to Illinois River Transmission Line,Oklahoma Gas and Electric Company,Warner to Webbers Falls,Warner,OK,74469,Muskogee,35.5078111,-95.3056417,OKR1038060,,,1542,Nonresidential Construction,N
OKC Self Storage,OKC Self Storage,3800 N May Ave,Oklahoma City,OK,73112,Oklahoma,35.509,-97.5656,OKR1036872,,,1542,Nonresidential Construction,N
Lexford Park Phase 2,"Lexford Park, LLC",3700 N. Walker Ave.,Oklahoma City,OK,73118,Oklahoma,35.5105,-97.5168,OKR1038069,,,6552,Subdividers And Developers,N
USA Softball Hall of Fame Indoor Practice Facility,Timberlake Construction Company,2801 NE 50th Street Bldg. PF,Oklahoma City,OK,73111,Oklahoma,35.5234927,-97.4635732,OKR1038135,,,,,N
State of Oklahoma OBN,Oklahoma Bureau of Narcotics,315 NW Grand Blvd,Oklahoma City,OK,73118,Oklahoma,35.530656,-97.517065,OKR1037558,,,1542,Nonresidential Construction,N
PWA Suites 2501 and 2502 - Wiley Post,Michael H Way Construction Company,6701 N Rockwell Ave,Oklahoma City,OK,73122,Oklahoma,35.537,-97.6434,OKR1036954,,,1542,Nonresidential Construction,N
Southern Half Apartments,NE Development,Along the E RW of OK Ave approx 250 ft N of E Wilshire Blvd,Oklahoma City,OK,73114,Oklahoma,35.5519,-97.5095,OKR1037226,,,1521,Single-Family Housing Construction,N
East Wilshire Development Parking Fields,East Wilshire Boulevard Development LLC,SEC of NE 82nd St and Broadway Ext,Oklahoma City,OK,73105,Oklahoma,35.5549,-97.5134,OKR1037283,,,1542,Nonresidential Construction,N
Eastern Heights,Sugar Sands Services LLC,On Eastern Ave between E Britton Rd and E Wilshire Blvd,Oklahoma City,OK,73131,Oklahoma,35.5608333,-97.4813889,OKR1037629,,,1521,Single-Family Housing Construction,N
Redstone Ranch Apartments,Missio Capital,North of W Britton Rd between N Piedmont Rd and N Mustang Rd,Oklahoma City,OK,73099,Canadian,35.5666028,-97.7327222,OKR1038127,,,1521,Single-Family Housing Construction,N
Rose Valley Phase 1,Rose Valley Neighborhood LLC,East of N Sara Rd .3 mi north of W Britton Rd,Oklahoma City,OK,73099,Canadian,35.5695444,-97.7115778,OKR1035576,,,1522,Residential Construction,N
Project River,Ryan Companies,9551 N. Eastern Ave,Oklahoma City,OK,73131,Oklahoma,35.571774,-97.4788382,OKR1038159,,,1541,Industrial Buildings And Warehouses,N
Project River,Ryan Companies,9551 N. Eastern Ave,Oklahoma City,OK,73131,Oklahoma,35.571774,-97.4788382,OKR1038159,,,1542,Nonresidential Construction,N
The Farms at Harrah Estates,22Thousand Sticks LLC,18800 NE 122nd St,Jones,OK,73049,Oklahoma,35.5732333,-97.1584667,OKR1037666,,,1542,Nonresidential Construction,N
The Farms at Harrah Estates,Gina Moore,18800 NE 122nd St,Jones,OK,73049,Oklahoma,35.5732333,-97.1584667,OKR1037666,,,1542,Nonresidential Construction,N
The Academy of Classical Christian East Parking,Lingo Construction,1120 E Hefner Road,Oklahoma City,OK,73131,Oklahoma,35.5797306,-97.4911222,OKR1038040,,,1542,Nonresidential Construction,N
Highland Pointe Phase II,Three Jacks LLC,NW 130th St,Oklahoma City,OK,73120,Oklahoma,35.6028194,-97.5630056,OKR1036762,,,1521,Single-Family Housing Construction,N
The Ridge - 448897 Hwy 100,4R Construction,448897 Hwy 100,Vian,OK,74962,Sequoyah,35.60363,-95.0234,OKR1036671,,,1542,Nonresidential Construction,N
The Ridge - 448897 Hwy 100,4R Construction,448897 Hwy 100,Vian,OK,74962,Sequoyah,35.60363,-95.0234,OKR1036671,,,1611,Highway And Street Construction,N
Pappadeaux Seafood Restaurant,Pappas Restaurant Inc,13600 Memorial Park Drive,Oklahoma City,OK,73120,Oklahoma,35.6086,-97.582,OKR1037180,,,1542,Nonresidential Construction,N
Thrive OKC,JVMF1 LLC,14028 Quailbrook Dr,Oklahoma City,OK,73134,Oklahoma,35.6129,-97.5995,OKR1037605,,,1542,Nonresidential Construction,N
Project Okmulgee - Alston Const Co,Alston Construction Company,704 S Madison Ave,Okmulgee,OK,74447,Okmulgee,35.619315,-95.996111,OKR1038147,,,1541,Industrial Buildings And Warehouses,N
33 Fields Phase I,"HEA Development, LLC","South side of E. 33rd St., approx. .50 mi west of I-35",Edmond,OK,73013,Oklahoma,35.6219,-97.4324,OKR1038063,,,6552,Subdividers And Developers,N
NW 150th Street & Bogert,150 May Holdings LLC,Southeast of NW 150th St and Hertz Quail Springs Parkway,Oklahoma City,OK,73134,Oklahoma,35.6235,-97.5729,OKR1035220,,,1542,Nonresidential Construction,N
Esperanza Gardens - Seven Oaks Dev,Seven Oaks Development LLC,Along the north RW of NW 150th St,Oklahoma City,OK,73013,Oklahoma,35.624,-97.568,OKR1037157,,,1521,Single-Family Housing Construction,N
Lincoln Development,"Lincoln Development, LLC",625 W 33rd Street,Edmond,OK,73013,Oklahoma,35.624215,-97.4934025,OKR1038113,,,,,N
OU Health ER and Urgent Care,Anchor Health Properties,N Santa Fe Ave and NW 150th St,Oklahoma City,OK,73103,Oklahoma,35.625048,-97.5131215,OKR1038178,,,1542,Nonresidential Construction,N
Custer Co Rural Water District No. 3 - Water System Improvements,Mach Energy Services,Along CR 950 Rd and State Highway 54,Custer City,OK,73639,Custer,35.638414,-98.721345,OKR1038015,,,1623,"Water, Sewer, And Utility Lines",N
Port 164 Alley North,EB Investments LLC,3833 NW 166th St,Oklahoma City,OK,73012,Oklahoma,35.643,-97.5891,OKR1037479,,,1542,Nonresidential Construction,N
Magnolia Section 2,"Premium Land, LLC",NW of NW 164th Street and N. Penn Ave,Okahoma City,OK,73012,Oklahoma,35.6442167,-97.5583944,OKR1037847,,,6552,Subdividers And Developers,N
Anthem Phase II and III,"Three Jacks, LLC",Part of the SE4 of Section 26 Township 14 North Range 4 West,Oklahoma City,OK,73012,Oklahoma,35.6560222,-97.5904278,OKR1038084,,,1521,Single-Family Housing Construction,N
Big K Express,Kenny Patel,6497 S Cherokee St,Muskogee,OK,74403,Muskogee,35.66536,-95.37613,OKR1036976,,,1542,Nonresidential Construction,N
Arcadia Addition,Abide Homes LLC,300 E 8th St,Arcadia,OK,73007,Oklahoma,35.669991,-97.323685,OKR1036474,,,1521,Single-Family Housing Construction,N
Tompkins Project - 20720 Rush Creek Rd,Brady Built Homes,20720 Rush Creek Road,Oklahoma City,OK,73012,Oklahoma,35.6826023,-97.6667715,OKR1038185,,,,,N
Avondale Estates,Silver Oak Investments LLC,SW4 of Sec 14 of T14N R4W,Oklahoma City,OK,73013,Oklahoma,35.683,-97.6207,OKR1036904,,,1521,Single-Family Housing Construction,N
Legacy Park - N8V Construction and Logistics LLC,"N8V Construction & Logistics, LLC",700 E Smith Ferry Rd,Muskogee,OK,74403,Muskogee,35.6980975,-95.3599503,OKR1038173,,,,,N
Cowbell Creek Estates,Dakota Atwood,1300ft East of the intersection of N. Air Depot and E Sorghu,Edmond,OK,73034,Oklahoma,35.709265,-97.403985,OKR1036196,,,1521,Single-Family Housing Construction,N
South 510 Road Improvements,Cherokee County Dist 3,Sections 8 & 9 T14N R22E,Qualls,OK,74451,Cherokee,35.709444,-94.984722,OKR1036324,,,1542,Nonresidential Construction,N
Chandler Interchange I-44 and SH-18 T-26606A,Sherwood Construction,I-44 and SH-18,Chandler,OK,74834,Lincoln,35.7190323,-96.8845194,OKR1038174,,,,,Y
Gold Leaf Dental,WW Builders,6700 N Sooner Road,Edmond,OK,73034,Oklahoma,35.725005,-97.424889,OKR1038143,,,1542,Nonresidential Construction,N
South Country Club Road Improvements,City of Muskogee,100-400 N Country Club Rd,Muskogee,OK,74403,Muskogee,35.736896,-95.322743,OKR1037652,,,1611,Highway And Street Construction,N
Muskogee Stormwater Civitan Drainage,Cooks Consulting LLC,Chandler Road and Country Club,Muskogee,OK,74403,Muskogee,35.7420194,-95.3227611,OKR1036296,,,1611,Highway And Street Construction,N
575 Koloa Ave,Stephen Vernon,575 Koloa Ave,Edmond,OK,73034,Logan,35.7552648,-97.4333784,OKR1037512,,,,,N
"Waterfront Recovery and Resiliency - Warehouse, Project No. 155243","Koehn Construction Services, LLC",4901 Harold Scoggins Drive,Muskogee,OK,74403,Muskogee,35.7825,-95.3020278,OKR1038170,,,1541,Industrial Buildings And Warehouses,N
Keys Addition,Housing Authority of the Cherokee Nation,19030 E 840 Rd,Park Hill,OK,74451,Cherokee,35.7984867,-94.9642214,OKR1037948,,,,,Y
Kratos Drone Facility,"Red Dog Construction, LLC","E/2, SW/4, Section 01, T-15-N, R-08-E",Bristow,OK,74010,Creek,35.802198,-96.41526,OKR1038073,,,,,N
Guthrie Fire Station 2,Crossland Construction Company,4910 S. Division St.,Guthrie,OK,73044,Logan,35.8275967,-97.42298,OKR1038136,,,,,N
Homes at Foxridge Estates,"DAP Ventures, LLC","East side of S. Academy Rd., approx. 0.21mi south of HWY 33",Guthrie,OK,73044,Logan,35.8746,-97.4594,OKR1038104,,,1521,Single-Family Housing Construction,N
City of Wagoner Proposed Headworks Improvements,Daris Contractors LLC,26603 E. 760 Rd,Wagoner,OK,74467,Wagoner,35.914186,-95.4044415,OKR1037031,,,,,N
Savannah Landing,Hearth Custom Homes,15600 S 305th E Ave,Coweta,OK,74429,Wagoner,35.9410028,-95.6360333,OKR1038163,,,1522,Residential Construction,N
Bixby Flats,Precision Project Management Inc,118 E 151st St S,Bixby,OK,74008,Tulsa,35.944933,-95.881086,OKR1034482,,,1522,Residential Construction,N
6737 E 149th Street South,Scott Shoemake,6737 E 149th Street South,Bixby,OK,74008,Tulsa,35.9474134,-95.9016872,OKR1038182,,,,,N
White Hawk,Labella Homes,14418 S 53rd E Ave,Bixby,OK,74008,Tulsa,35.9542,-95.915927,OKR1037078,,,,,N
The Hideaway,Hideaway Development Co LLC,13509 S. 20th St.,Bixby,OK,74008,Tulsa,35.9647222,-95.9469444,OKR1038188,,,6552,Subdividers And Developers,N
Rowan Grove - Lennar Homes,"Lennar Homes of Oklahoma, LLC",East of S Mingo Rd and E 132nd St S,Bixby,OK,74008,Tulsa,35.972536,-95.868489,OKR1038166,,,1521,Single-Family Housing Construction,N
CrossVine Residential Subdivision,"CrossVine, LLC",Peoria and Elm Street near 131st Street,Jenks,OK,74037,Tulsa,35.979655,-95.980981,OKR1038152,,,1521,Single-Family Housing Construction,N
Elm Village,"Green Property Management, Inc.",6800 S Elm Place,Broken Arrow,OK,74011,Tulsa,35.9861694,-95.797675,OKR1038131,,,1522,Residential Construction,N
Estates at Hollow Ridge,"Guardian Capital, LLC","1,000 feet north of W. 111th St. S. and E. of S. 33rd W. Ave",Tulsa,OK,74037,Tulsa,36.0058194,-96.0253444,OKR1038192,,,1521,Single-Family Housing Construction,N
Hilton Heights,Stealth Land Developers,SE 1/4 of NE 1/4 of Sec 29 Twp18N R12E of the Indian base,Sapulpa,OK,74066,Creek,36.0104444,-96.0482444,OKR1038162,,,1522,Residential Construction,N
Hilton Heights,Stealth Land Developers,SE 1/4 of NE 1/4 of Sec 29 Twp18N R12E of the Indian base,Sapulpa,OK,74066,Creek,36.0104444,-96.0482444,OKR1038162,,,1542,Nonresidential Construction,N
TCCL - Warren Library,Tulsa City-County Library,south of W New Orleans St and east of S Chestnut Ave,Broken Arrow,OK,74011,Tulsa,36.0164917,-95.8172417,OKR1038156,,,1542,Nonresidential Construction,N
Becco 777: South Garnett Road Phase 1 & Phase 2 Roadway Improvements,Becco Contractors,"S. Garnett Road from East 101st St S Intersection,",Tulsa,OK,74012,Tulsa,36.0174819,-95.8509724,OKR1037976,,,1611,Highway And Street Construction,N
Bridging Hunger,Red Dog Construction LLC,S Franklin Street,Jenks,OK,74037,Tulsa,36.020764,-96.006822,OKR1036173,,,,,N
Oklahoma Turnpike Authority SP-71D,Ascend Commercial Builders,9909 Riverside Parkway,Tulsa,OK,74137,Oklahoma,36.0210444,-95.9473722,OKR1036487,,,1542,Nonresidential Construction,N
Timber Ridge - Phase 1,Glenwood Homes LP,W of South 209th East Ave and.4 miles S of East Albany St,Broken Arrow,OK,74014,Wagoner,36.0690639,-95.7495667,OKR1036783,,,1521,Single-Family Housing Construction,N
The Pines IV,The Pines at the Preserve LLC,.36 miles south of E 51st St S and 209th E Ave West side,Broken Arrow,OK,74104,Wagoner,36.084644,-95.746181,OKR1038151,,,1521,Single-Family Housing Construction,N
Lodge Hall for the Tulsa Fraternal Order of Police,MC2 Custom Builders,5010 South 161st Ave East,Tulsa,OK,74134,Tulsa,36.0902806,-96.7960556,OKR1036252,,,1542,Nonresidential Construction,N
City of Tulsa Maint Zone 5046 - COT 144546,Ellsworth Construction OKC,Between E 46th St and E 51st St and between S Sheridan Rd,Tulsa,OK,74135,Tulsa,36.0931,-95.9096,OKR1036468,,,1611,Highway And Street Construction,N
Amethyst Angelfish,Coulter Heavy Contractors LLC,5103 West 46th Street,Tulsa,OK,74107,Tulsa,36.0977232,-96.0485234,OKR1037182,,,,,N
Battle Creek Park - Phase III,Glenwood Homes LP,N2 of SW4 of SW4 of S22-T19N-R14E,Tulsa,OK,74134,Tulsa,36.1069444,-95.8138889,OKR1036778,,,1521,Single-Family Housing Construction,N
City of Tulsa 2036N9037Z - Maintenance Zone 9037,H&G Paving Contractors,Charlene Estates between E 31st St and E 41st St and S Lewis,Tulsa,OK,74105,Tulsa,36.1114,-95.95489,OKR1035425,,,1611,Highway And Street Construction,N
Berryhill Waterline Replacement,McGuire Brothers Construction Inc,2599 S 57th W Ave,Tulsa,OK,74107,Tulsa,36.126,-96.056,OKR1037188,,,1542,Nonresidential Construction,N
Aaon Reynolds Trucking Yard,Aaon Incorporated,2425 S. Yukon Ave.,Tulsa,OK,74107,Tulsa,36.128117,-96.0137861,OKR1038175,,,,,N
City of Tulsa 2036N6035Z & 2037B0322Z,H&G Paving Contractors,From S Garnett Rd on E 22nd St to S 116th East Ave back to,Tulsa,OK,74129,Tulsa,36.1305,-95.848763,OKR1035431,,,1611,Highway And Street Construction,N
Anthem Southern T-Line Clearing,AEP Public Service Company of Oklahoma,Linear project with no physical address,Catoosa,OK,74015,Wagoner,36.134612,-95.737807,OKR1038161,,,4119,Local Passenger Transportation,N
Vermeer Catoosa,Vermeer Great Plains,20507 E. Admiral Pl.,Claremore,OK,74018,Wagoner,36.1606333,-95.7493861,OKR1038158,,,1542,Nonresidential Construction,N
Woodcrest Estates Catoosa - Lot 10 Blk 8,Roger Ruhmann,1310 Hickory Lane,Catoosa,OK,74015,Rogers,36.1770352,-95.7681842,OKR1036846,,,,,N
OTA JP 37600 09,Manhattan Road & Bridge,"WR Turnpike I-44 over Verdigris and Mossy Creek, located",Catoosa,OK,74015,Rogers,36.2009879,-95.7110756,OKR1038177,,,,,Y
Agile Tulsa Space Testing Center,Stava Building LLC dba Lyle Building Group,10360 E 36th Street North,Tulsa,OK,74116,Tulsa,36.2055956,-95.8630384,OKR1037594,,,,,N
City Lights Village - Community Center,Stava Building LLC dba Lyle Building Group,4467 North Rockford Ave. East,Tulsa,OK,74106,Tulsa,36.219637,-95.971123,OKR1036773,,,,,N
Project Spring,Fortis Construction Inc.,5615 N. Hwy 97,Sand Springs,OK,74063,Osage,36.24,-96.11,OKR1038155,,,1542,Nonresidential Construction,N
Tulsa Police Department Heliport,Stava Building LLC,6066 E 66th St N,Tulsa,OK,74055,Tulsa,36.246389,-95.908611,OKR1034960,,,1542,Nonresidential Construction,N
Port of Catoosa to Terra Nitrogen Tap Transmission Line Rebuild,AEP Public Service Company of Oklahoma,Linear Project with no physical address,Catoosa,OK,74015,Rogers,36.248234,-95.745429,OKR1038186,,,4119,Local Passenger Transportation,N
Clydsedale,"Layton Construction Company, LLC",8350 N 54th E Ave,Sperry,OK,74073,Tulsa,36.275037,-95.910409,OKR1038171,,,1542,Nonresidential Construction,N
Project Clydesdale - Layton Construction,Layton Construction,8350 N 54th E Ave,Sperry,OK,74073,Tulsa,36.275037,-95.910409,OKR1038176,,,,,N
Walmart Supercenter No 00012-240 Building Expansion,Wal-Mart Real Estate Business Trust,1500 South Lynne Riggs Boulevard,Claremore,OK,74017,Rogers,36.2945,-95.6282,OKR1038172,,,,,N
West Park Estates,Highfill Properties LLC,North of E 480 Rd and between S 4130 Rd and College Park Rd,Claremore,OK,74018,Rogers,36.3216667,-95.6463889,OKR1038046,,,1522,Residential Construction,N
AXH North Lowry Laydown - Phase 3,Eli Spence,3400 C John Carle Blvd,Claremore,OK,74017,Rogers,36.3380722,-95.6034845,OKR1038183,,,,,N
OSU Collinsville Medical Office Building,Lyle Building Group,14421 N. Yale Ave,Collinsville,OK,74021,Tulsa,36.3633983,-95.9192625,OKR1037997,,,1542,Nonresidential Construction,N
A&T Renovations LLC,Tomas Peralta,2500 Sunset St,Guymon,OK,73942,Texas,36.705379,-101.49301,OKR1037514,,,1542,Nonresidential Construction,N
ODOT JP 29839 04,"Evans & Associates Construction Co., Inc.",Deer Creek on SH-11,Nardin,OK,74646,Kay,36.810761,-97.460164,OKR1038149,,,,,N
ODOT JP 29840 04,"Evans & Associates Construction Co., Inc.",Thompson Creek Bridge,Nardin,OK,74646,Kay,36.811131,-97.38025,OKR1038164,,,1622,"Bridge, Tunnel, & Elevated Highway",N
